Flossie Suche,02/12/2009,Defender,14
Nicol Hayward,11/08/2004,Defender,13
Darb Brower,05/01/2007,Defender,17
Shirl Tschursch,17/05/2004,Forward,20
Collette Loalday,24/02/2004,Forward,14
Osmond Levane,07/08/2007,Forward,13
Teirtza Beeckx,20/02/2007,Goalkeeper,18
Sarene Holleworth,08/12/2008,Defender,16
Harbert Howchin,16/10/2005,Forward,13
Justina Kloster,27/11/2007,Midfielder,18
Jaquelin Andrysek,27/10/2004,Defender,20
Dione Gossage,25/09/2009,Defender,15
Shelby Debold,30/06/2009,Defender,20
Ted Bertouloume,05/08/2006,Forward,19
Gabriel McCoole,10/10/2007,Defender,14
Bryon Lindenblatt,12/08/2006,Forward,16
Trey Condon,08/03/2004,Midfielder,17
Fax Leipelt,03/04/2007,Goalkeeper,14
Noella Gentner,14/11/2009,Defender,18
Thomasa Shillito,22/03/2007,Forward,14
Clio Padley,21/08/2009,Midfielder,18
Jenifer Sweetland,01/04/2007,Defender,19
Garwin Besant,02/01/2006,Forward,14
Karrie Cromly,21/05/2004,Defender,14
Emanuel Kasbye,12/09/2008,Defender,15
Vanda Childerley,30/01/2008,Goalkeeper,13
Ulla Snowling,07/07/2006,Forward,16
Davide Hanwright,13/10/2004,Midfielder,16
Cully Rodrigues,27/09/2007,Defender,14
Ebenezer Morrissey,25/05/2005,Defender,20
Latia Ivashin,31/01/2006,Defender,13
Norina Pieter,04/08/2005,Goalkeeper,14
Devora Sunner,17/06/2008,Forward,19
Kerry Pidwell,11/10/2004,Forward,17
Flemming Standidge,22/05/2008,Forward,13
Darn Zarb,03/11/2007,Defender,18
Darryl Dunnet,25/04/2009,Defender,14
Goran Hegley,04/02/2006,Midfielder,13
Lucine Garfirth,26/01/2008,Midfielder,16
Herbie McCloud,26/04/2004,Goalkeeper,13
Salem Vettore,21/04/2008,Forward,16
Robers O'Lennachain,08/03/2007,Forward,16
Davis Jervois,23/02/2004,Midfielder,19
Britney Ghelardoni,21/11/2006,Defender,17
Shem Tucknutt,14/04/2008,Defender,17
Timotheus Biset,22/09/2008,Defender,18
Wendel Beaument,20/02/2005,Forward,15
Hilton Kummerlowe,11/09/2004,Forward,20
Sol Bogies,15/08/2008,Defender,13
Coraline Hefford,18/02/2006,Forward,17
Riva Shyre,09/10/2006,Defender,20
Barris Suart,02/05/2004,Defender,20
Kristien Oman,31/01/2007,Forward,18
Deny Jagiello,14/12/2005,Forward,18
Christy Ambrosini,20/01/2006,Midfielder,17
Bebe Jannings,04/10/2005,Defender,15
Pippa Tisor,01/07/2009,Forward,14
Bard Loxston,25/07/2009,Midfielder,13
Maribel Millmore,25/01/2007,Forward,15
John Gideon,10/09/2005,Forward,17
Mara Oret,12/07/2006,Forward,14
Casie Pickrill,02/08/2006,Defender,20
Tommie Cohrs,04/12/2006,Forward,17
Othelia Ecclesall,13/07/2004,Defender,13
Sarah Stickles,04/07/2007,Forward,15
Claretta Hutchings,05/09/2004,Midfielder,16
Demetri Tomes,28/11/2007,Midfielder,15
Andrea Liggens,12/07/2007,Midfielder,16
Kiley Hefferan,16/08/2009,Midfielder,14
Torrey Kupke,18/12/2005,Forward,18
Babara Juanico,24/12/2008,Forward,13
Rahal McAlees,04/12/2009,Goalkeeper,20
Eugenie Pomphrett,15/02/2009,Forward,16
Malva Petrina,25/09/2009,Midfielder,19
Gusti Gilliard,13/12/2009,Midfielder,18
Aviva Forten,02/08/2009,Midfielder,19
Deloris Esser,29/11/2007,Goalkeeper,17
Cari Ollington,05/10/2009,Forward,17
Jaime Klimpke,15/06/2009,Forward,14
Hannis Picardo,07/08/2006,Defender,16
Thibaud Frenzel;,24/02/2006,Midfielder,18
Arnoldo Cappleman,20/08/2006,Forward,18
Efrem Crosdill,18/05/2005,Defender,15
Larisa Fraczak,06/07/2009,Defender,19
Noby Whittam,26/05/2009,Forward,15
Dallas Leborgne,25/08/2007,Forward,18
Benedick Castledine,25/05/2009,Forward,14
Kathy Branche,25/03/2005,Defender,13
Daile Frankowski,15/10/2004,Defender,17
Caroline Partridge,16/02/2007,Forward,19
Dinah Gathwaite,21/02/2007,Midfielder,14
Magdalena Janaway,15/11/2008,Midfielder,14
Rochette Boullin,02/08/2007,Midfielder,19
Gertrudis Pietron,13/04/2006,Forward,20
Jeffy Dankersley,03/02/2009,Defender,20
Olimpia McGrae,11/10/2005,Goalkeeper,15
Jamaal Teesdale,01/11/2004,Forward,20
Karisa Dalwood,13/07/2009,Defender,17
Kaye Oliphant,21/09/2006,Goalkeeper,16
Harlin Danneil,19/12/2004,Defender,19
Eolande Note,11/11/2009,Midfielder,17
Aubry Grewar,29/09/2006,Midfielder,14
Rooney Kemwall,19/01/2009,Forward,19
Sammy Bloxland,30/09/2005,Defender,17
Barrie Rodrigues,09/11/2007,Goalkeeper,17
Simone Giraudel,26/06/2006,Forward,18
Alejandra Caron,07/04/2007,Forward,16
Sindee Rowlin,12/02/2009,Midfielder,13
Margette Dmitrichenko,17/02/2008,Goalkeeper,13
Gusti McCarrison,03/01/2007,Goalkeeper,15
Lisle Coytes,30/07/2009,Midfielder,13
Estel Jursch,22/03/2009,Forward,13
Clotilda Tomes,02/03/2004,Forward,20
Langsdon Crafter,19/11/2006,Midfielder,18
Yalonda Tookill,21/03/2007,Forward,16
Hilarius Pedlingham,26/04/2009,Goalkeeper,15
Tedd Macilhench,28/03/2005,Defender,20
Yorgos Cussins,25/09/2008,Forward,16
Mandy Mityashin,04/10/2007,Goalkeeper,17
Steffen Harbord,22/10/2004,Defender,18
Elisha Strainge,22/04/2004,Forward,17
Alayne Roser,06/04/2009,Defender,14
Iggy Bacup,08/02/2009,Forward,20
Giles Laurie,13/01/2008,Forward,14
Catrina Coil,13/01/2009,Goalkeeper,20
Sauveur Eivers,04/11/2009,Defender,19
Ara Byart,27/04/2008,Defender,13
Humberto Marcroft,17/10/2005,Forward,20
Doria Krishtopaittis,09/03/2005,Forward,16
Noll Audritt,16/11/2004,Defender,20
Bennie Knowling,07/02/2009,Defender,14
Merna Erni,21/09/2009,Defender,19
Valentina Kingswell,10/03/2005,Forward,14
Ludvig Hoffmann,08/04/2004,Forward,16
Arleen Brigstock,11/01/2005,Midfielder,17
Lurlene Bessell,22/12/2006,Defender,14
Aloise Arnau,12/09/2007,Forward,15
Curcio Lavelle,07/09/2008,Defender,20
Randy Ridsdale,22/10/2007,Forward,20
Lexi Hoffmann,10/05/2004,Defender,13
Basia Oulett,22/11/2006,Forward,14
Bridie Guillou,23/02/2009,Forward,17
Marsh Westmoreland,14/08/2006,Goalkeeper,20
Lannie Suckling,21/10/2009,Midfielder,17
Zorana Chauvey,07/09/2004,Goalkeeper,18
Putnam Curedale,20/07/2006,Defender,17
Fanny Gerred,26/06/2004,Midfielder,14
Vivian Swinnerton,23/08/2006,Forward,20
Crin Bonsall,16/08/2007,Midfielder,20
Lavinia Newick,25/06/2004,Defender,16
Wynn Bowfin,15/10/2007,Forward,13
Blair Thridgould,18/03/2008,Goalkeeper,18
Candice Padrick,14/08/2004,Goalkeeper,14
Ethelda Davidove,27/12/2004,Forward,15
Sherman Knapman,03/09/2004,Defender,16
Chet Branton,02/03/2006,Midfielder,13
Willi Easterfield,08/08/2007,Forward,18
Nicol Buffery,14/12/2009,Defender,19
Jaquenetta Ferdinand,23/12/2004,Forward,13
Brien Pighills,05/12/2006,Midfielder,14
Kellie Kiely,06/12/2007,Forward,18
Rina Normington,06/11/2004,Forward,17
Vassily Marron,08/02/2007,Defender,14
Cullie Kitson,24/04/2008,Defender,17
Mateo Fairleigh,18/06/2006,Defender,17
Chane Waryk,25/04/2006,Defender,20
Winston Fronzek,21/05/2007,Forward,15
Ines Jennens,24/08/2008,Midfielder,18
Ashlee Bellocht,02/01/2009,Goalkeeper,16
Lindsy Strickland,06/04/2006,Midfielder,13
Britteny Corrie,13/08/2007,Midfielder,14
Faye Stainbridge,06/01/2009,Forward,20
Brandise Santorini,19/02/2009,Forward,14
Benny Kepe,03/04/2008,Defender,13
Abbe Picot,02/06/2006,Defender,13
Bastian Godfray,18/10/2005,Midfielder,16
Sapphira Whinney,02/01/2008,Forward,17
Yule Polley,30/03/2009,Midfielder,18
Pauly Macewan,04/08/2007,Midfielder,15
Debbi Wahncke,01/08/2009,Midfielder,17
Lyda Folini,04/04/2005,Defender,13
Elia Rash,30/12/2007,Forward,20
Durward Churcher,15/10/2005,Defender,18
Wanids Lattey,22/02/2006,Forward,19
Yettie Jubb,20/02/2005,Goalkeeper,17
Milly Zanelli,26/01/2006,Midfielder,13
Riobard Learmont,20/02/2007,Defender,20
Kandace Ruddin,01/03/2006,Defender,19
Jania Iglesia,08/03/2005,Defender,18
Nedi MacGebenay,23/07/2008,Forward,14
Leena Tolworth,08/10/2004,Midfielder,13
Rosabel Bindon,24/02/2008,Defender,15
Marris Gergler,31/03/2005,Midfielder,15
Wynnie Crampton,15/01/2004,Forward,17
Ramon Beekman,26/09/2009,Forward,15
Jorey Hyndson,14/06/2005,Defender,17
Lynnea Prinn,08/10/2009,Defender,16
Georgia MacClenan,23/12/2005,Defender,18
Philippine Pavlasek,13/03/2008,Forward,13
Valene Armiger,26/02/2004,Defender,18
Cherey Embra,01/09/2007,Forward,19
Isis Loughton,15/09/2008,Midfielder,15
Moll Mourant,09/08/2007,Forward,18
Erna Bedin,28/07/2006,Midfielder,17
Tanny Bellwood,05/10/2008,Forward,20
Erv Ludvigsen,23/01/2006,Goalkeeper,17
Gregor Grigoletti,26/01/2005,Forward,20
Karon Ganforthe,05/08/2006,Forward,18
Cyndie Hudson,23/03/2009,Midfielder,20
Malinde McCooke,24/07/2009,Goalkeeper,13
Rubin Reskelly,17/03/2008,Midfielder,13
Sandy Cansdale,03/01/2009,Defender,18
Luther Frost,21/04/2005,Midfielder,16
Danila Leaming,07/07/2006,Forward,15
Nicolle de Merida,02/05/2009,Forward,15
Consolata Dawltrey,24/08/2007,Midfielder,16
Eydie Danit,30/03/2009,Midfielder,15
Thea Guest,02/03/2006,Goalkeeper,18
Stearne Mazillius,04/09/2005,Forward,17
Godfry Gorrie,13/06/2008,Forward,18
Joane Sinton,23/03/2005,Defender,18
Eduino Rennie,04/10/2005,Defender,18
Romeo Aldwick,14/08/2005,Defender,13
Shannen Banfield,21/01/2006,Forward,16
Ethelyn Seery,09/03/2006,Forward,14
Arvie Fulep,18/10/2008,Midfielder,20
Rudd Carleton,28/02/2004,Forward,18
Erminia Luxton,21/06/2005,Forward,16
Beilul Gerrard,26/08/2006,Midfielder,18
Elisabetta Kraut,09/04/2005,Midfielder,13
Urbano Tidswell,27/05/2004,Forward,15
Alix Mandell,11/12/2007,Forward,13
Braden Arrighi,15/03/2006,Forward,17
Torrey Dany,07/03/2006,Forward,13
Glyn Cotelard,01/08/2004,Midfielder,15
Georg Rossiter,13/02/2007,Defender,13
Luciano Featherby,15/07/2007,Forward,17
Kacy Horsey,28/02/2004,Defender,17
Ralf Scaysbrook,22/08/2008,Forward,19
Morie McKevitt,16/08/2006,Midfielder,16
Noell Etty,30/11/2006,Forward,19
Caitrin Strahan,06/11/2007,Midfielder,16
Maurita Draycott,26/09/2005,Forward,13
Dannie Porter,29/05/2005,Midfielder,17
Engracia Seldon,04/07/2005,Defender,17
Wyatan Critoph,01/04/2007,Forward,13
Yettie Kliche,07/12/2008,Forward,16
Jimmie Huntriss,22/10/2007,Forward,20
Leroi O'Flaverty,17/08/2004,Defender,20
Barbra Blowin,16/03/2004,Goalkeeper,13
Sibby Alfonsetti,04/12/2007,Forward,18
Ulrikaumeko Lambrook,08/10/2005,Midfielder,17
Patin Fishly,24/12/2007,Goalkeeper,14
Rahel Goldsbury,24/04/2006,Defender,13
Lesley Rummings,07/04/2009,Forward,20
Artair Sandilands,10/07/2007,Defender,14
Ginger Minter,01/07/2009,Midfielder,17
Drucie Runnalls,16/05/2008,Goalkeeper,19
Opaline Baswall,02/02/2004,Defender,15
Felizio Peacock,25/02/2006,Goalkeeper,13
Cally Kanwell,27/02/2008,Midfielder,14
Rodge Yanshin,29/07/2007,Midfielder,16
Broderic Noto,10/08/2007,Forward,18
Gilburt Gludor,03/12/2008,Defender,17
Burl Knowles,15/06/2008,Midfielder,14
Matthaeus Dinning,01/08/2009,Forward,20
Wandis Sloam,04/01/2009,Forward,15
Lillis Penney,19/08/2007,Midfielder,18
Dani Brannan,09/06/2007,Forward,16
Miguel Trustrie,11/02/2006,Midfielder,16
Arturo Davidescu,17/09/2004,Forward,15
Anthia Hallet,02/08/2008,Forward,18
Wyn Tomisch,25/06/2004,Forward,16
Dacey Venour,14/08/2004,Midfielder,15
Cayla Fernie,31/03/2006,Goalkeeper,15
Allys Easey,07/06/2004,Midfielder,14
Sharona Cadore,16/11/2008,Midfielder,16
Dilly Ginnaly,19/11/2004,Midfielder,17
Adams Hardacre,08/02/2004,Goalkeeper,17
Margaretha Shankland,21/01/2008,Defender,13
Chlo Hodge,10/03/2007,Defender,14
Veronica Brameld,24/11/2008,Defender,18
Adda Kiffin,11/08/2004,Defender,17
Renado Tebbe,15/03/2004,Midfielder,17
Adolphe Paroni,30/06/2007,Forward,16
Chris Gatchel,13/05/2009,Defender,19
Mattheus Andriveau,24/01/2005,Goalkeeper,13
Eryn McAuslan,14/09/2006,Defender,15
Gerianna Shemilt,01/10/2009,Forward,19
Durant Center,08/03/2005,Forward,20
Leon Gelland,02/04/2007,Defender,16
Tucky Heyworth,12/01/2006,Defender,16
Rupert Sired,29/07/2006,Defender,14
Alayne Biskupski,01/06/2009,Goalkeeper,20
Melony Pahler,20/07/2007,Defender,14
Vlad Kunert,28/03/2007,Midfielder,14
Myles Manjot,07/12/2006,Defender,19
Putnem Richten,20/01/2009,Midfielder,14
Ransell Follows,11/07/2008,Defender,18
Babbette Kitman,15/06/2006,Defender,16
Rockey Stiegar,28/10/2007,Defender,18
Brendon Lindner,23/01/2008,Goalkeeper,20
Mead Cham,10/06/2007,Goalkeeper,16
Bentley Yakobovicz,25/06/2009,Goalkeeper,13
Krishna Berge,07/12/2009,Defender,20
Dixie D'Orsay,27/04/2007,Forward,16
Lotty Bartholin,30/04/2005,Midfielder,18
Jourdan Mewett,09/07/2006,Defender,18
Desirae Maffy,06/07/2004,Midfielder,16
Markos Bonus,01/11/2006,Forward,15
Thaddus Bott,11/03/2006,Forward,14
Corny Beynkn,25/10/2008,Goalkeeper,13
Ira Flack,05/01/2007,Goalkeeper,19
Angelina Epperson,14/09/2008,Forward,20
Deane Domino,18/05/2008,Forward,20
Asa Srawley,03/07/2006,Defender,15
Mair Philpin,06/02/2006,Defender,19
Jeana Grandison,22/07/2004,Midfielder,16
Elden Stainland,17/07/2008,Defender,17
Alfonse Sleep,01/07/2008,Forward,15
Emma Addey,14/08/2007,Defender,17
Will Corten,24/03/2004,Goalkeeper,18
Quinn Fillingham,19/09/2008,Midfielder,15
Eleonora Meneur,16/06/2006,Midfielder,20
Thomasa Possel,05/04/2008,Defender,15
Burgess Shivell,23/12/2004,Midfielder,16
Kennedy Gwillim,18/05/2004,Forward,18
Auroora Pashan,02/05/2004,Midfielder,13
Mil Starzaker,24/04/2007,Midfielder,16
Ardella Huckabe,14/05/2008,Midfielder,20
Joete Bazek,15/08/2006,Forward,15
Cass Kaplin,29/10/2004,Defender,14
Ethyl Housen,06/11/2009,Goalkeeper,20
Jewell Emons,09/03/2007,Midfielder,16
Silva Warn,30/03/2004,Goalkeeper,19
Oby Liveing,07/05/2005,Goalkeeper,18
Kevina Pacitti,21/12/2004,Midfielder,15
Dari Saunt,14/03/2007,Forward,16
Caria Tirkin,06/09/2006,Defender,17
Danice Salmen,13/06/2006,Defender,14
Lilia McCarlich,04/01/2009,Goalkeeper,16
Franky Gilardengo,10/12/2007,Defender,14
Annaliese Woller,05/01/2009,Forward,14
Cornie Culross,17/10/2004,Defender,16
Thain Roake,30/03/2009,Forward,18
Ritchie Cow,16/08/2006,Midfielder,20
Bourke Selley,08/09/2009,Forward,13
Christoffer Campione,28/02/2004,Forward,17
Allegra Grundy,20/07/2007,Forward,18
Brander Allin,12/02/2008,Defender,20
Percival Stickells,03/11/2005,Forward,14
Kit Aspinell,27/07/2008,Forward,18
Dorrie Balloch,01/05/2007,Forward,15
Costa Hallbord,19/03/2005,Midfielder,20
Lowell Norton,31/07/2009,Goalkeeper,14
Lolita Rockliffe,05/06/2008,Defender,15
Trenton Verchambre,25/01/2004,Forward,16
Bria O'Skehan,13/12/2008,Midfielder,15
Friedrick Hully,01/05/2007,Forward,16
Willie Noddings,28/02/2007,Goalkeeper,13
Kent Trobey,11/10/2007,Forward,18
Hillery Sandeland,15/04/2007,Forward,20
Donaugh Grint,13/02/2004,Forward,20
Byran Minton,07/10/2007,Midfielder,14
Newton Hansod,25/08/2005,Goalkeeper,17
Rois Springle,06/03/2008,Defender,13
Marilin Vittore,08/04/2005,Goalkeeper,15
Garrick Wingatt,21/10/2009,Midfielder,19
Robena De Vere,19/12/2004,Midfielder,14
Dee Da Costa,26/10/2008,Forward,13
Murry Walcher,05/04/2006,Midfielder,14
Andre Syson,08/01/2009,Midfielder,13
Rhoda Filippov,30/04/2006,Goalkeeper,14
Cayla Weavers,19/04/2009,Defender,16
Sylas Edinburough,29/07/2009,Forward,13
Rob Chessun,25/05/2006,Midfielder,17
Ardelle Ackenhead,12/01/2008,Forward,18
Orv Giveen,05/11/2009,Midfielder,15
Dniren Cuffley,11/08/2004,Forward,20
Meredeth Lomas,29/09/2009,Forward,15
Mable Wand,22/05/2006,Midfielder,16
Natty Bumpus,08/05/2007,Forward,17
Pattie Toulamain,22/04/2008,Midfielder,17
Harlen Takos,29/02/2004,Forward,13
Lucine Gathercole,13/12/2007,Midfielder,20
Jaquith Dummett,31/08/2005,Forward,13
Tiffie Mose,02/07/2009,Forward,20
Melosa Heardman,24/01/2007,Forward,13
Hyacinth Vlasin,07/08/2009,Forward,15
Cirilo Veysey,24/05/2007,Goalkeeper,13
Oriana Branton,24/02/2008,Forward,18
Sophie Yurmanovev,30/06/2009,Midfielder,18
Sandro Durrell,19/08/2004,Midfielder,16
Dione Innman,22/07/2004,Defender,17
Kippar Heighway,13/06/2006,Defender,20
Pate Iddon,15/03/2004,Forward,19
Alane Farington,13/01/2008,Defender,20
Nissa Ainscough,03/01/2004,Forward,18
Rafaellle Bednall,23/07/2004,Forward,14
Drusilla Sandels,01/09/2004,Midfielder,20
Ennis Weddeburn - Scrimgeour,19/02/2007,Midfielder,14
Skip Doody,21/06/2007,Forward,16
Atlanta Rulton,26/05/2006,Defender,19
Edvard Meadway,09/04/2005,Defender,18
Carlita Hambric,13/04/2008,Midfielder,15
Linus Speck,25/05/2008,Defender,20
Farlie Shorbrook,27/12/2006,Defender,20
Margie Ixor,11/08/2009,Midfielder,18
Wynne Osbaldeston,03/01/2004,Midfielder,19
Gaye Spinella,18/03/2007,Forward,13
Betsey Josovich,09/01/2008,Defender,13
Odelinda Hentzeler,06/07/2006,Forward,20
Doralynn Huelin,23/04/2009,Forward,17
Reinaldo Billyard,08/09/2008,Defender,16
Trenna Gladdor,31/12/2005,Forward,19
Danni Wolfenden,13/12/2004,Forward,14
Goldarina Salzen,27/03/2006,Goalkeeper,15
Barnebas Krysiak,06/12/2008,Forward,18
Derwin Offen,16/09/2007,Forward,13
Joel Wimmer,05/05/2004,Forward,13
Keir Brisley,04/06/2004,Forward,15
Holt Staton,22/05/2006,Midfielder,15
Enos Amy,16/03/2007,Goalkeeper,17
Doroteya Rowney,05/12/2004,Defender,14
Tybi Portriss,07/05/2008,Forward,14
Heath Olyet,21/05/2005,Midfielder,14
Gnni Hellwich,03/10/2005,Midfielder,15
Margarete Parker,05/01/2006,Midfielder,16
Boniface Weber,02/06/2006,Forward,15
Evania Linbohm,28/03/2009,Forward,14
Mattie Seakes,17/11/2009,Defender,19
Berkie Harkness,06/02/2005,Defender,18
Aurthur Lippiett,03/05/2006,Midfielder,14
Lyndsay Picheford,15/03/2007,Midfielder,15
Isaac Adan,19/04/2005,Forward,18
Stephan Richardes,23/09/2006,Defender,13
Teodoor Oxtaby,22/06/2008,Goalkeeper,20
Leora Schneidar,27/04/2005,Defender,15
Kipper Dumbarton,22/07/2004,Defender,19
Phaidra Gaitley,09/12/2006,Defender,19
Sandro Hallibone,06/11/2009,Forward,19
Sarena Balaison,22/11/2007,Forward,19
Olga Le Barre,25/09/2004,Goalkeeper,17
Kari Canedo,31/05/2007,Midfielder,16
Toddie Osler,06/04/2006,Midfielder,14
Constantina Shankle,09/09/2007,Forward,19
Gerry Birdwistle,31/10/2007,Goalkeeper,17
Cristal Garretson,15/08/2005,Midfielder,14
Free Kempshall,15/06/2007,Goalkeeper,20
Corliss Kopje,25/12/2004,Goalkeeper,18
Penelope Biaggiotti,19/06/2006,Forward,16
Umeko Sharman,07/08/2007,Defender,15
Druci Daelman,01/02/2009,Defender,15
Ebba L'Hommee,22/09/2007,Goalkeeper,19
Amelie Bourke,24/05/2006,Forward,19
Desi Barenskie,06/08/2006,Defender,15
Othello Tibalt,22/03/2009,Defender,15
Brinna Swetland,28/05/2007,Defender,20
Mela Chisnall,15/03/2009,Midfielder,16
Laetitia Tomasian,26/01/2007,Defender,20
Jeana Baruch,16/12/2007,Midfielder,17
Dedie Antonio,04/01/2006,Defender,14
Janette Miliffe,05/06/2004,Midfielder,14
Germaine Bardsley,18/07/2006,Midfielder,13
Perceval Gouck,04/01/2009,Goalkeeper,15
Elwira Dobsons,02/05/2007,Defender,15
Florina Waggatt,09/10/2009,Forward,16
Sal O'Spellissey,18/06/2007,Forward,16
Natty Loalday,27/02/2007,Forward,20
Egan Winning,18/10/2009,Midfielder,19
Lissy Doleman,03/01/2004,Defender,16
Norris Jankin,14/12/2009,Midfielder,17
Emmi Kneel,27/02/2009,Defender,13
Percival Synan,11/08/2008,Defender,19
Yevette Oxbury,06/12/2009,Forward,17
Collete Elloit,16/03/2004,Forward,16
Mahala Penman,22/11/2006,Goalkeeper,13
Sid Marfell,03/08/2007,Goalkeeper,14
Aldric Hendricks,01/03/2008,Forward,17
Kasey Osman,06/04/2006,Forward,17
Tine Longmaid,31/12/2004,Forward,13
Tracie Krojn,24/11/2008,Defender,13
Lind Mardling,13/05/2005,Defender,16
Abagail Moore,17/03/2006,Defender,19
Creight Harberer,14/12/2007,Midfielder,19
Hester Loosemore,19/05/2004,Goalkeeper,16
Jasmine McGrirl,10/08/2007,Midfielder,19
Tremaine Sommer,04/05/2006,Forward,20
Kipp Izard,22/02/2005,Midfielder,20
Paco McPolin,01/03/2005,Defender,15
Mona Benda,18/07/2004,Forward,18
Kassandra Botley,13/06/2005,Defender,15
Bryana Alexsandrovich,02/07/2006,Defender,15
Wrennie Manicomb,23/12/2004,Defender,18
Giovanna Alexandersson,16/07/2009,Goalkeeper,15
Mikkel Mathwin,19/12/2009,Midfielder,20
Chauncey Drowsfield,26/11/2008,Forward,17
Eleanore Kiddell,24/05/2006,Midfielder,17
Krystal Brackpool,23/12/2006,Forward,20
Bendite McPhelim,02/12/2009,Forward,13
Dallis Menloe,24/11/2008,Midfielder,20
Beryle Trevains,01/07/2007,Defender,20
Oralia Gorner,08/04/2005,Goalkeeper,17
Rustie Tremlett,03/08/2008,Goalkeeper,16
Kit Lynes,09/07/2008,Defender,20
Bordie Sarl,15/12/2009,Forward,14
Ernest Remmers,16/12/2006,Defender,17
Kenna Ablott,26/03/2008,Defender,18
Sherm Chateau,14/04/2004,Forward,13
Kellia Reneke,10/04/2005,Defender,15
Wilek Dolan,13/10/2008,Forward,19
Somerset Vlasenko,02/03/2008,Midfielder,19
Bartram Rosengren,29/06/2005,Defender,14
Andrej Timbridge,24/05/2005,Forward,13
Gerrilee Gravie,30/12/2009,Defender,20
Norrie Grob,25/08/2008,Forward,16
Cosette Cobleigh,01/11/2007,Defender,16
Felic Perree,23/11/2004,Defender,13
Minta Josephson,25/06/2005,Defender,19
Ives Hagart,18/08/2006,Defender,19
Corny Poxson,28/10/2006,Forward,20
Forbes Dabes,26/01/2006,Defender,13
Tracey Jonas,26/05/2009,Goalkeeper,17
Row Raywood,27/01/2004,Goalkeeper,13
Dell Grishenkov,12/10/2009,Defender,17
Syman Kretschmer,18/07/2007,Midfielder,19
Elva Whapham,04/09/2008,Forward,13
Cazzie Crop,08/07/2008,Midfielder,17
Marlene Ardy,31/03/2004,Defender,16
Tomlin Stivers,11/12/2004,Defender,16
Jereme Godbehere,28/11/2008,Forward,15
Georgie Allward,31/12/2008,Midfielder,15
Letta Nisbith,11/01/2007,Goalkeeper,19
Lalo Meers,10/09/2008,Defender,17
Carry McSaul,15/02/2006,Midfielder,17
Emlyn Woolpert,17/01/2004,Defender,14
Lane Dumbar,20/02/2004,Midfielder,15
Rodolph Perrelle,12/05/2005,Forward,13
Webster Attarge,26/08/2007,Forward,14
Winfield Yegoshin,30/05/2008,Forward,19
Ailis Hotson,11/09/2005,Forward,16
Drusy Cortese,02/11/2008,Defender,13
Wood Charleston,20/08/2009,Forward,15
Joanne Pachmann,17/06/2007,Defender,15
Vikki Kitney,11/11/2008,Goalkeeper,20
Zedekiah Ughetti,21/07/2005,Forward,14
Ambur Geraud,28/07/2005,Defender,16
Idaline Dimmne,09/07/2008,Forward,19
Perle Batho,23/12/2005,Midfielder,16
Arlette Noyes,08/12/2005,Defender,16
Saunders Rispine,01/05/2007,Forward,13
Philomena Rough,31/12/2004,Defender,16
Erin Goalby,24/01/2006,Midfielder,13
Irwinn Maroney,02/06/2009,Defender,13
Alexio Bertie,20/01/2009,Defender,16
Melisse Brugemann,27/07/2007,Forward,19
Pamela Starie,04/08/2009,Defender,13
Isa Simonot,05/01/2007,Defender,13
Raff Barsham,30/09/2008,Forward,19
Carolyn Knappett,11/06/2009,Midfielder,13
Deerdre McIlherran,08/02/2005,Midfielder,13
Doug Howieson,02/04/2005,Defender,15
Conrade Umpleby,24/09/2005,Forward,15
Tammie McCloy,31/08/2009,Defender,20
Lizette Fawson,09/11/2006,Midfielder,20
Rica Dennant,10/03/2007,Midfielder,15
Britteny Jurek,21/05/2007,Midfielder,18
Elias Bengtsen,19/01/2007,Forward,19
Stoddard Knott,01/03/2009,Defender,17
Clari Theobold,21/05/2009,Forward,19
Derward Gales,08/06/2007,Goalkeeper,14
Ola Elion,16/09/2008,Defender,13
Andrey Dabling,18/09/2009,Forward,14
Normand Laherty,13/02/2006,Defender,19
Rici Grassick,22/03/2008,Midfielder,20
Cecile Schulze,28/03/2008,Midfielder,18
Biron Lunbech,29/08/2007,Forward,18
Abigael Winfred,29/12/2005,Midfielder,14
Andreas Tilliard,21/10/2006,Defender,18
Jacquie Drezzer,29/06/2008,Forward,20
Dionisio Greneham,02/08/2005,Forward,15
Stafani Dyhouse,04/06/2005,Defender,14
Roarke Crack,27/11/2005,Defender,17
Sunshine Danieli,18/05/2004,Forward,18
Arden Richen,07/01/2007,Midfielder,14
Anthiathia Hursey,25/06/2006,Forward,15
Fitzgerald Dunridge,21/06/2009,Midfielder,16
Ellyn Preto,29/10/2004,Defender,15
Lavinia Siderfin,26/11/2007,Defender,17
Gwenny Shropshire,03/08/2005,Forward,15
Marni Roistone,21/07/2005,Midfielder,16
Thorn Woodnutt,07/09/2006,Forward,14
Paten Cornish,24/06/2009,Defender,17
Robb Shone,07/04/2008,Forward,14
Celine O'Breen,05/03/2007,Forward,16
Modesta Wraight,11/12/2004,Defender,16
Howard Bazek,01/07/2009,Goalkeeper,13
Ferris Mateuszczyk,11/03/2009,Defender,18
Fionna Matthieson,04/03/2008,Midfielder,14
Delaney Gair,23/09/2006,Defender,16
Woodrow Symcox,10/11/2006,Defender,19
Munmro Huge,27/05/2006,Midfielder,17
Jourdain Wakely,28/12/2005,Defender,14
Aarika Gauge,04/05/2008,Forward,18
Skippie Sugden,14/06/2005,Goalkeeper,20
Syman Causbey,10/05/2005,Forward,16
Rube Hrishanok,21/05/2006,Defender,13
Lainey Pedersen,18/11/2008,Midfielder,18
Gianna Douglas,23/03/2007,Forward,18
Harrie Passe,10/06/2004,Midfielder,19
Purcell Dixsee,16/05/2009,Midfielder,20
Ring Pickring,17/09/2005,Defender,18
Katrinka Pickervance,03/06/2007,Midfielder,13
Tripp Shacklady,28/04/2009,Defender,19
Hastings Camerana,26/04/2006,Midfielder,18
Rea Hansana,29/02/2008,Defender,16
Aggie Luten,04/11/2007,Forward,17
Nicolle Mabe,13/04/2009,Goalkeeper,19
Courtenay Broose,07/02/2005,Goalkeeper,16
Clarke McReidy,11/04/2004,Forward,14
Sarge Vigours,06/01/2004,Defender,16
Mareah Marshalleck,13/03/2006,Midfielder,13
Falito Bussel,08/08/2008,Forward,17
Nil Grieger,08/04/2005,Midfielder,20
Farley Marsy,08/07/2009,Forward,16
Rosaleen Lamswood,16/06/2007,Midfielder,17
Jaclyn Guild,29/07/2009,Midfielder,14
Consolata Readings,21/03/2008,Defender,20
Jordan Hedley,24/02/2007,Defender,15
Garrott Baudinet,30/06/2008,Defender,16
Dud Fosten,26/05/2007,Midfielder,13
Dyanna Budgeon,03/07/2004,Midfielder,15
Johanna Ghidetti,07/11/2008,Defender,13
Molly Killingbeck,28/07/2009,Midfielder,15
Laverna Boosey,07/04/2004,Forward,19
Stu McKomb,04/02/2006,Midfielder,20
Aloysia Mallya,18/09/2009,Forward,15
Ramsey Castellan,11/07/2004,Forward,15
Jack Dulake,15/06/2006,Defender,13
Papagena Dudden,05/03/2006,Forward,16
Florian Rockey,08/07/2007,Midfielder,18
Dallas Ateridge,18/11/2004,Defender,14
Desiri Custard,09/05/2006,Midfielder,14
Brittaney Kuhnel,11/01/2004,Forward,19
Brear Ventris,25/12/2009,Defender,20
Morgan Sherrott,09/12/2005,Defender,14
Ferris Greatland,31/01/2007,Midfielder,15
Euell Anfosso,05/06/2006,Defender,17
Robbert Cavilla,01/11/2007,Defender,17
Tammie Mitchelmore,03/10/2004,Midfielder,16
Virgil Gruszecki,13/05/2005,Forward,20
Giacopo Hrachovec,13/01/2004,Forward,13
Killie Bangle,16/02/2006,Defender,20
Risa Rutty,19/09/2007,Midfielder,19
Araldo Ellacott,31/12/2008,Forward,19
Adrianna D'Alwis,11/04/2005,Midfielder,20
Hinda Eykel,06/10/2005,Forward,18
Aldo Germaine,14/02/2006,Defender,15
Carlo Leitch,03/02/2007,Defender,14
Adaline Gillson,19/05/2008,Midfielder,19
Lilly Murrell,29/06/2007,Goalkeeper,18
Gerty Fowell,23/04/2008,Forward,15
Sibley Ivanin,30/07/2006,Defender,15
Saxe Stabbins,22/11/2004,Midfielder,17
Georgette Grahlmans,17/04/2006,Defender,16
Fidelia Haughan,18/11/2009,Goalkeeper,13
Farley Khomin,26/05/2005,Defender,18
Aubry Santore,15/04/2008,Midfielder,19
Kellen Aronovich,01/08/2005,Forward,15
Sioux Maxwaile,26/06/2007,Goalkeeper,18
Kendal Jacqueme,16/11/2006,Defender,14
Winslow Delamar,03/06/2009,Midfielder,13
Rosemonde Jouannot,23/01/2007,Forward,15
Piggy Balaizot,16/08/2009,Defender,15
Darrelle Klauber,26/05/2007,Defender,15
Clarine Waitland,30/05/2004,Goalkeeper,16
Suki Gerriets,02/01/2004,Defender,17
Eilis Durbin,10/11/2004,Forward,18
Mildred Bascomb,18/05/2009,Defender,13
Virgilio Kingzet,23/02/2007,Defender,14
Hanni Napolitano,08/05/2006,Defender,16
Jehanna Rushford,09/07/2004,Defender,20
Burgess Schonfelder,13/01/2006,Goalkeeper,15
Elicia Manston,29/04/2006,Midfielder,16
Nisse Dolder,24/12/2005,Defender,18
Celeste Ettels,06/01/2006,Forward,14
Etheline Kinworthy,31/05/2006,Midfielder,18
Umberto Monson,28/05/2007,Forward,16
Sancho Skinner,28/12/2006,Defender,14
Caro Teesdale,12/06/2006,Goalkeeper,18
Trumaine Stenners,01/07/2008,Defender,20
Agace Mulholland,08/11/2005,Defender,16
Sheffy Jorin,04/08/2009,Forward,13
Caria Wynn,02/07/2005,Midfielder,16
Harlene Mattheissen,23/01/2006,Forward,14
Arte Kunzler,30/01/2006,Goalkeeper,20
Halley Beers,04/07/2007,Midfielder,13
Bailey McDuall,06/12/2009,Defender,20
Heida Chable,22/04/2009,Midfielder,17
Dalston Langthorne,22/09/2005,Goalkeeper,20
Sheila Challen,26/05/2007,Forward,14
Dulce Staveley,16/05/2009,Defender,17
Hermon Winn,22/11/2006,Midfielder,14
Donn Autin,06/07/2009,Goalkeeper,19
Pyotr Downham,23/06/2009,Forward,17
Andrej Thying,12/06/2009,Defender,19
Adams Stonhewer,13/01/2004,Forward,15
Clifford Roux,26/04/2008,Defender,15
Sibylla Puttan,30/08/2005,Midfielder,13
Eleanore Tankin,30/04/2008,Forward,15
Orion Polhill,22/09/2006,Midfielder,17
Say Falconbridge,08/04/2006,Forward,13
Denni Rannells,27/09/2009,Defender,20
Ronny Dowman,05/07/2005,Defender,20
Doretta Arnholz,11/04/2008,Forward,13
Isis Lannon,08/08/2007,Forward,18
Chere Forshaw,21/03/2006,Forward,19
Kenon Spradbery,06/03/2008,Midfielder,15
Drusie Dykes,31/01/2006,Goalkeeper,19
Cindie Klimkovich,07/04/2007,Defender,16
Romonda Geater,15/07/2008,Forward,13
Elka Andrzejowski,29/07/2008,Defender,20
Elianore Worvill,08/05/2005,Defender,13
Mela Condy,20/11/2007,Forward,20
Pauletta Rockey,18/01/2005,Defender,20
Audi Lowers,13/09/2005,Defender,19
Erv Stormont,10/11/2007,Defender,19
Gladi MacCart,06/11/2007,Defender,13
Lambert McIntee,05/10/2006,Midfielder,16
Hatty Pretley,21/03/2006,Forward,19
Clementia Blackborne,24/11/2008,Midfielder,17
Beau Reina,20/08/2004,Defender,19
Augy Spencook,14/08/2004,Midfielder,16
Veronike Cuddihy,28/04/2005,Defender,19
Jaquelin Carff,16/06/2007,Midfielder,13
Kimmi Bechley,23/05/2004,Goalkeeper,14
Jaquenette Welldrake,14/08/2004,Forward,15
Ashlie Kewzick,31/08/2008,Midfielder,13
Diandra Gowans,22/10/2006,Defender,13
Hunfredo Duffyn,07/09/2008,Goalkeeper,20
Dorie Stafford,06/03/2004,Midfielder,14
Jelene Harsent,01/08/2008,Defender,15
Lammond Fairebrother,22/10/2005,Goalkeeper,16
Alain Laybourne,10/10/2004,Goalkeeper,13
Agace Gidman,07/02/2008,Defender,20
Giustino Vanstone,31/05/2009,Defender,13
Golda Wimms,16/09/2008,Forward,14
Emilia Yoselevitch,13/11/2005,Defender,19
Court Bartoletti,30/05/2006,Midfielder,15
Thaddus Brisard,18/09/2008,Defender,18
Nonie Pattisson,29/01/2009,Defender,13
Bram Pougher,13/10/2008,Midfielder,17
Quintina Pinilla,23/01/2004,Midfielder,15
Candy Fitzpayn,21/01/2008,Defender,15
Matilda Mulran,20/02/2009,Forward,20
Oneida Gair,08/03/2005,Midfielder,18
Morty Chastey,09/12/2008,Forward,14
Maximo Fayers,31/01/2005,Defender,14
Cecile Mc Coughan,19/04/2004,Midfielder,18
Dulcinea Hodgon,02/12/2005,Defender,15
Adrianne Boig,29/04/2007,Defender,15
Charmion Jemison,23/08/2007,Goalkeeper,17
Jocko Dagnall,11/08/2008,Goalkeeper,16
Foster Union,12/06/2009,Forward,15
Dulcine Bispham,16/12/2009,Midfielder,16
Filmer Merrifield,21/03/2006,Forward,16
Jae Corrie,15/05/2004,Defender,17
Doll Guiot,10/01/2004,Defender,19
Lamond Sor,07/12/2008,Forward,19
Cristy Bushill,17/09/2007,Defender,19
Gaultiero Winridge,30/03/2008,Goalkeeper,18
Maynard Lowdwell,30/09/2007,Defender,16
Virginia Loker,06/12/2008,Forward,19
Adolphe Portman,21/10/2005,Defender,16
Daryl Ahearne,22/05/2009,Forward,20
Shaun Hilliam,29/06/2005,Midfielder,16
Billi Tolwood,06/08/2009,Goalkeeper,18
Byrann Josephsen,09/04/2007,Defender,19
Carlynn Caps,29/12/2009,Midfielder,15
Andrey Dumbarton,15/07/2009,Defender,16
Linnet Lamdin,09/04/2004,Forward,20
Anselm Kobu,03/02/2007,Forward,13
Joey Drain,22/06/2009,Midfielder,18
Joice Darrington,29/01/2008,Forward,18
Francisco Kingerby,12/09/2006,Goalkeeper,18
Eugine Gratrex,19/02/2004,Midfielder,14
Collie Pegram,17/10/2009,Midfielder,16
Bailie Keyho,19/03/2007,Forward,17
Beatrisa Sporner,22/10/2004,Goalkeeper,19
Donavon Baselli,06/01/2004,Defender,18
Deedee Matthias,18/08/2004,Forward,13
Carmita Crunkhorn,29/03/2007,Midfielder,18
Alicea Jurek,02/01/2006,Forward,15
Marcelo Demkowicz,21/12/2004,Defender,16
Ellie Nieass,13/03/2007,Midfielder,13
Sancho McGawn,15/02/2008,Midfielder,20
Henrie Meffan,22/07/2004,Defender,20
Mechelle Bleasdale,14/07/2005,Defender,17
Dara Surmeir,02/05/2007,Defender,14
Ilse Dottridge,08/09/2004,Midfielder,17
Carole Cufflin,26/02/2004,Forward,18
Ronica Anthoine,06/12/2008,Defender,14
Ettore Quare,02/07/2009,Midfielder,20
Hermione Thirlaway,16/04/2009,Midfielder,16
Corri Regitz,12/08/2004,Midfielder,15
Erica Dady,09/07/2007,Forward,20
Rey Haggata,16/10/2009,Forward,15
Timmie Lante,04/05/2008,Midfielder,13
Astrix Bartocci,14/07/2005,Defender,15
Pier Bowmer,07/02/2009,Defender,19
Malissia Ghiron,08/11/2009,Defender,20
Clarissa Briddle,06/02/2004,Forward,16
Sandy Farrants,18/09/2005,Forward,15
Cliff Paling,19/01/2008,Goalkeeper,19
Harry Brozsset,08/02/2007,Defender,16
Noell Netherclift,13/02/2007,Midfielder,20
Chiquia Comolli,27/04/2008,Goalkeeper,16
Karlene Berthon,13/08/2006,Defender,13
Anatola Andrys,01/11/2007,Midfielder,17
Yvor Sabbatier,23/04/2006,Forward,18
Jacinthe Philipp,28/09/2004,Defender,19
Deedee Probart,23/04/2004,Forward,19
Karoly Haill,21/09/2009,Defender,20
Courtney McSaul,26/01/2005,Midfielder,19
Randy Outlaw,10/09/2008,Forward,15
Octavia Saph,30/11/2006,Forward,15
Maurits Becaris,15/03/2009,Forward,15
Tate Burtwell,02/09/2005,Forward,20
Elsbeth Balsellie,26/09/2008,Forward,13
Kippie Origin,08/03/2008,Defender,15
Ange Matteoni,21/01/2009,Forward,19
Jodi Brindley,17/06/2009,Goalkeeper,19
Phillipp Harcarse,20/12/2006,Defender,16
Kamilah Fellenor,06/06/2006,Midfielder,13
Van Egger,29/10/2004,Midfielder,13
Shep Filisov,15/07/2006,Defender,19
Cecilio Nozzolinii,05/12/2006,Goalkeeper,20
Consolata Odgaard,27/02/2005,Midfielder,15
Alric Cheeney,29/05/2008,Defender,13
Anselma Paradine,04/12/2007,Forward,19
Traver Schleswig-Holstein,27/03/2006,Defender,19
Kenon Gilgryst,30/11/2007,Forward,20
Myrlene Brimble,27/03/2006,Forward,18
Kaia Gritsunov,05/05/2004,Forward,13
Maxi Trodden,05/11/2005,Forward,14
Tommie Lowin,23/09/2006,Midfielder,18
Windy Vittore,09/06/2009,Forward,15
Leonid Ferron,30/10/2007,Midfielder,13
Jessika Jeary,04/11/2007,Midfielder,20
Jemmy Ridgwell,25/11/2008,Defender,19
Alf MacGuffie,02/05/2006,Forward,19
Ade McCawley,12/06/2007,Forward,14
Marguerite Lumbers,28/02/2006,Defender,19
Shir Werrilow,16/12/2004,Goalkeeper,17
Star McCall,05/08/2007,Forward,17
Alisander Lapping,20/10/2006,Forward,14
Roxane Baptista,26/09/2006,Defender,13
Augustina Baldi,05/01/2004,Defender,16
Nicola Petrovykh,01/08/2006,Midfielder,15
Maryanna Jopling,09/04/2009,Midfielder,13
Cletus Latter,05/06/2004,Goalkeeper,16
Sukey Deehan,27/07/2006,Midfielder,18
Port Tansill,23/04/2004,Forward,16
Jennette Stammer,26/11/2006,Goalkeeper,18
Flossi Lamb-shine,11/05/2009,Defender,19
Dianemarie Topes,24/02/2008,Forward,15
Ive Dowbiggin,05/03/2005,Midfielder,15
Karolina Thackham,26/10/2007,Defender,17
Filbert Acres,24/08/2005,Midfielder,14
Gerrie Picford,12/12/2007,Forward,17
Rutger Bridgeman,11/09/2008,Defender,15
Tiertza Marlow,30/10/2005,Forward,18
Lombard Sanham,10/11/2006,Midfielder,20
Vin Degoix,05/07/2009,Defender,20
Ealasaid Kuhwald,17/03/2005,Midfielder,16
Byrann Arrundale,09/07/2007,Defender,19
Efrem Gorring,08/09/2009,Forward,17
Corny Frisdick,26/07/2008,Defender,20
Evanne Domengue,23/05/2005,Defender,20
Viviana Tacey,03/05/2005,Forward,20
Luther Bracegirdle,02/07/2005,Defender,16
Beauregard Corbie,17/05/2008,Defender,20
Gillan Jell,12/09/2008,Forward,17
Addison Ovington,20/04/2008,Defender,19
Hadria Frost,05/01/2007,Defender,15
Hillyer Kemish,02/09/2004,Goalkeeper,18
Niki Smewin,18/04/2009,Defender,20
Lula Roumier,12/12/2005,Midfielder,16
Carney Helstrom,31/07/2005,Forward,20
Linnet Matveyev,08/12/2005,Defender,20
Tersina Margerison,05/04/2007,Defender,17
Nicolai Goodby,26/04/2004,Forward,19
Merrily Lowndsbrough,16/03/2007,Forward,16
Ranna Quan,29/08/2004,Defender,13
Codie Breeds,02/02/2007,Defender,13
Eleonore Letherbury,02/01/2009,Forward,20
Roscoe Tomich,22/01/2007,Forward,18
Mikkel Layland,30/11/2006,Defender,20
Ardelle Petken,28/01/2005,Midfielder,20
Athene Carnegie,09/04/2004,Defender,15
Mildred Crathorne,03/09/2005,Defender,20
Freddy Stollenhof,10/06/2005,Forward,13
Selena Starten,12/05/2008,Midfielder,17
Quinlan Aleksankin,09/03/2006,Midfielder,15
Enriqueta Labat,20/11/2005,Forward,15
Conrado Cockling,17/07/2006,Forward,16
Alonzo Farfoot,17/02/2004,Forward,20
Krystyna Nise,04/07/2005,Midfielder,18
Ali Breadon,28/02/2005,Forward,15
Blaire Millery,06/07/2006,Goalkeeper,14
Huntington Vallis,28/12/2009,Midfielder,17
Shaylah Pecha,27/04/2008,Forward,19
Jenilee Wesgate,23/11/2004,Defender,13
Robinet Swate,02/11/2008,Goalkeeper,17
Daveta Bedford,09/12/2009,Forward,19
Sly Phillipp,06/09/2008,Midfielder,19
Jacquelynn Van der Linde,22/05/2007,Midfielder,13
Becca Tuckerman,12/09/2009,Forward,20
Anders Whissell,28/10/2006,Defender,18
Danyelle Rabbage,27/04/2005,Midfielder,13
Bernete Mordey,24/07/2009,Forward,15
Georgie Hugle,31/01/2006,Defender,20
Bond Gaucher,13/11/2004,Forward,16
Randell Jest,03/07/2009,Defender,18
Bartholomeus Mapston,07/02/2009,Forward,20
Rafaela Lynnett,24/05/2006,Forward,17
Raquel Pietruszewicz,21/10/2004,Midfielder,13
Olwen Roz,20/04/2004,Goalkeeper,13
Georgie Liddall,21/02/2005,Defender,20
Krystyna Poge,15/10/2007,Forward,15
Lawrence Ambage,23/12/2009,Defender,14
Jada Colter,20/07/2008,Forward,14
Moyra Ruzicka,02/08/2008,Defender,18
Thaine Draisey,11/09/2009,Forward,14
Chryste Silburn,07/10/2009,Midfielder,17
Nalani Hrinchenko,25/05/2004,Forward,16
Linn Verma,11/03/2009,Defender,20
Hilario Babbage,03/04/2004,Midfielder,20
Eulalie Pratty,03/03/2009,Midfielder,15
Joellen Grimmett,29/03/2009,Forward,18
Garland Painter,30/11/2007,Defender,20
Lamont Vian,15/09/2006,Defender,16
Rad Eginton,03/08/2005,Midfielder,15
Mozes Yardy,12/08/2005,Goalkeeper,18
Katina Dwyer,06/10/2006,Midfielder,18
Jard Bourtoumieux,25/12/2006,Midfielder,14
Carilyn Pollicote,27/02/2007,Defender,16
Mordy Noel,18/10/2008,Defender,18
Ignazio Way,26/09/2009,Forward,18
Quintilla Heilds,15/06/2006,Forward,17
Johny Bloor,28/05/2007,Defender,13
Lian Cornborough,14/07/2007,Forward,13
Von Sickamore,28/02/2008,Midfielder,16
Ferdy Stych,07/06/2009,Goalkeeper,14
Angelle Firebrace,05/07/2004,Midfielder,13
Conway Camblin,26/10/2009,Defender,16
Nicholas Hendrikse,11/09/2004,Defender,15
Ange Dossettor,26/03/2006,Forward,19
Lenci Casellas,14/02/2008,Defender,19
Reinaldo Moralee,15/10/2008,Defender,19
Neel Chasmoor,08/09/2007,Defender,14
Kania Savaage,30/03/2006,Forward,20
Cristin Bradder,30/04/2004,Midfielder,13
Quinton Lohrensen,17/01/2005,Midfielder,19
Freedman McParlin,03/01/2009,Midfielder,18
Raven Faichney,06/05/2004,Forward,18
Giffard Petrushkevich,10/08/2009,Midfielder,15
Renato Ewbanche,04/07/2008,Forward,15
Fran Gartery,10/09/2009,Forward,13
Kaycee Campagne,31/08/2007,Midfielder,15
Cora Lisamore,18/05/2008,Forward,19
Audry Korf,11/07/2005,Goalkeeper,14
Lina Saldler,03/02/2007,Forward,20
Elsinore Dumpleton,11/07/2009,Forward,20
Jeremy Leborgne,09/01/2006,Midfielder,16
Alanah Traves,22/02/2008,Defender,19
Abby Stoyell,20/08/2008,Forward,16
Sherwood Huncote,14/01/2006,Goalkeeper,13
Georgiana Pengelley,25/07/2008,Defender,16
Minny Lushey,20/09/2006,Defender,20
Charmane Fuzzard,26/08/2009,Goalkeeper,19
Corabelle Bearns,29/09/2004,Defender,15
Caldwell Jarmaine,20/07/2006,Midfielder,15
Bobby Malthus,06/01/2005,Defender,20
Willis Meynell,05/10/2005,Midfielder,20
Llywellyn Keats,15/07/2005,Defender,14
Diane-marie Waylett,04/07/2009,Forward,16
Cosetta Hudspith,29/08/2007,Forward,16
Jolyn Bousler,26/09/2008,Defender,15
Cecilio Rosander,08/11/2005,Defender,18
Brnaby Jinkinson,30/05/2005,Midfielder,17
Cosetta Artingstall,04/08/2009,Midfielder,15
Angelico Pietzker,18/11/2007,Defender,18
Juana MacNeillie,29/07/2004,Goalkeeper,13
Timothea Niccolls,10/12/2009,Defender,16
Alphonse Mottershead,12/06/2009,Midfielder,16
Opalina Mutton,01/07/2004,Defender,15
Burty Long,23/10/2008,Defender,20
Carree Rucklidge,28/05/2006,Midfielder,20
Saul Heningam,22/01/2007,Forward,16
